{"primary":{"r":0.625,"g":0.1822916716337204,"b":0.1822916716337204,"a":1},"secondary":{"r":1,"g":1,"b":1,"a":1},"background":{"r":1,"g":1,"b":1,"a":1},"text":{"r":1,"g":1,"b":1,"a":1}}