{"primary":{"r":0.20392157137393951,"g":0.5960784554481506,"b":0.8588235378265381,"a":1},"secondary":{"r":1,"g":0.34117648005485535,"b":0.20000000298023224,"a":1},"background":{"r":0.9607843160629272,"g":0.9607843160629272,"b":0.9607843160629272,"a":1},"text":{"r":1,"g":1,"b":1,"a":1}}